key,name,email,passport,dateOfBirth,draftMode,specialNeeds,key:customer
#Base Entity,,,,,,
passenger-01,"Lorem ipsum dolor sit amet, consectetur adipiscing elit. Sed do: eiusmod tempor incididunt ut labore et dolore magna aliqua! Ut*",acme@lorem-ipsum.org,1234567,2012/07/02 00:00,true,Lorem ipsum dolor sit ame,customer-01
#Name,,,,,,
passenger-02,L,acme@lorem-ipsum.org,A234567,2012/07/02 00:00,true,Lorem ipsum dolor sit ame,customer-01
passenger-03,Lo,acme@lorem-ipsum.org,A234567,2012/07/02 00:00,true,Lorem ipsum dolor sit ame,customer-01
passenger-04,"Lorem ipsum dolor sit amet, consectetur adipiscing elit. Sed do: eiusmod tempor incididunt ut labore et dolore magna aliqua! Ut enim ad minim veniam? Quis nostrud exercitation ullamco laboris nisi ut aliquip ex ea commodo consequat. Duis aute irure dolor",acme@lorem-ipsum.org,A234567,2012/07/02 00:00,true,Lorem ipsum dolor sit ame,customer-01
passenger-05,"Lorem ipsum dolor sit amet, consectetur adipiscing elit. Sed do: eiusmod tempor incididunt ut labore et dolore magna aliqua! Ut enim ad minim veniam? Quis nostrud exercitation ullamco laboris nisi ut aliquip ex ea commodo consequat. Duis aute irure dolor*",acme@lorem-ipsum.org,A234567,2012/07/02 00:00,true,Lorem ipsum dolor sit ame,customer-01
passenger-06,โลเร็ม อิปซัม,acme@lorem-ipsum.org,A234567,2012/07/02 00:00,true,Lorem ipsum dolor sit ame,customer-01
passenger-07,لوريم إيبسوم,acme@lorem-ipsum.org,A234567,2012/07/02 00:00,true,Lorem ipsum dolor sit ame,customer-01
passenger-08,洛伦·伊普森,acme@lorem-ipsum.org,A234567,2012/07/02 00:00,true,Lorem ipsum dolor sit ame,customer-01
passenger-09,<marquee>Hacked</marquee>,acme@lorem-ipsum.org,A234567,2012/07/02 00:00,true,Lorem ipsum dolor sit ame,customer-01
passenger-10,<script>alert(‘Hacked!’);</script>,acme@lorem-ipsum.org,A234567,2012/07/02 00:00,true,Lorem ipsum dolor sit ame,customer-01
passenger-11,' or 'A' = 'A,acme@lorem-ipsum.org,A234567,2012/07/02 00:00,true,Lorem ipsum dolor sit ame,customer-01
#Email,,,,,,
passenger-12,"Lorem ipsum dolor sit amet, consectetur adipiscing elit. Sed do: eiusmod tempor incididunt ut labore et dolore magna aliqua! Ut*",acme-password@lorem-ipsum.org,A234567,2012/07/02 00:00,true,Lorem ipsum dolor sit ame,customer-01
passenger-13,"Lorem ipsum dolor sit amet, consectetur adipiscing elit. Sed do: eiusmod tempor incididunt ut labore et dolore magna aliqua! Ut*",a@b.e,A234567,2012/07/02 00:00,true,Lorem ipsum dolor sit ame,customer-01
passenger-14,"Lorem ipsum dolor sit amet, consectetur adipiscing elit. Sed do: eiusmod tempor incididunt ut labore et dolore magna aliqua! Ut*",a@b.es,A234567,2012/07/02 00:00,true,Lorem ipsum dolor sit ame,customer-01
passenger-15,"Lorem ipsum dolor sit amet, consectetur adipiscing elit. Sed do: eiusmod tempor incididunt ut labore et dolore magna aliqua! Ut*",a@b.ex,A234567,2012/07/02 00:00,true,Lorem ipsum dolor sit ame,customer-01
passenger-16,"Lorem ipsum dolor sit amet, consectetur adipiscing elit. Sed do: eiusmod tempor incididunt ut labore et dolore magna aliqua! Ut*",lorem-ipsum@dolor.sit.amet.consectetur.adipiscing.elit.sed.do.eiusmod.tempor.incididunt.ut.labore.et.dolore.magna.aliqua.Ut.enim.ad.minim.veniam.quis.nostrud.exercitation.ullamco.laboris.nisi.ut.aliquip.ex.ea.commodo.consequat.duis.aute.irure.doloris.edu,A234567,2012/07/02 00:00,true,Lorem ipsum dolor sit ame,customer-01
passenger-17,"Lorem ipsum dolor sit amet, consectetur adipiscing elit. Sed do: eiusmod tempor incididunt ut labore et dolore magna aliqua! Ut*",lorem-ipsum@dolor.sit.amet.consectetur.adipiscing.elit.sed.do.eiusmod.tempor.incididunt.ut.labore.et.dolore.magna.aliqua.Ut.enim.ad.minim.veniam.quis.nostrud.exercitation.ullamco.laboris.nisi.ut.aliquip.ex.ea.commodo.consequat.duis.aute.irure.dolor.es.org,A234567,2012/07/02 00:00,true,Lorem ipsum dolor sit ame,customer-01
#Passport,,,,,,
passenger-18,"Lorem ipsum dolor sit amet, consectetur adipiscing elit. Sed do: eiusmod tempor incididunt ut labore et dolore magna aliqua! Ut*",acme@lorem-ipsum.org,B0NHYZ,2012/07/02 00:00,true,Lorem ipsum dolor sit ame,customer-01
passenger-19,"Lorem ipsum dolor sit amet, consectetur adipiscing elit. Sed do: eiusmod tempor incididunt ut labore et dolore magna aliqua! Ut*",acme@lorem-ipsum.org,SWO8ROJNX,2012/07/02 00:00,true,Lorem ipsum dolor sit ame,customer-01
passenger-20,"Lorem ipsum dolor sit amet, consectetur adipiscing elit. Sed do: eiusmod tempor incididunt ut labore et dolore magna aliqua! Ut*",acme@lorem-ipsum.org,ABCDEFGHI,2012/07/02 00:00,true,Lorem ipsum dolor sit ame,customer-01
#DateOfBirth,,,,,,
passenger-21,"Lorem ipsum dolor sit amet, consectetur adipiscing elit. Sed do: eiusmod tempor incididunt ut labore et dolore magna aliqua! Ut*",acme@lorem-ipsum.org,A234567,2000/01/01 00:00,true,Lorem ipsum dolor sit ame,customer-01
passenger-22,"Lorem ipsum dolor sit amet, consectetur adipiscing elit. Sed do: eiusmod tempor incididunt ut labore et dolore magna aliqua! Ut*",acme@lorem-ipsum.org,A234567,2000/01/01 00:01,true,Lorem ipsum dolor sit ame,customer-01
passenger-23,"Lorem ipsum dolor sit amet, consectetur adipiscing elit. Sed do: eiusmod tempor incididunt ut labore et dolore magna aliqua! Ut*",acme@lorem-ipsum.org,A234567,2022/07/29 23:59,true,Lorem ipsum dolor sit ame,customer-01
passenger-24,"Lorem ipsum dolor sit amet, consectetur adipiscing elit. Sed do: eiusmod tempor incididunt ut labore et dolore magna aliqua! Ut*",acme@lorem-ipsum.org,A234567,2022/07/30 00:00,true,Lorem ipsum dolor sit ame,customer-01
#SpecialNeeds,,,,,,
passenger-25,"Lorem ipsum dolor sit amet, consectetur adipiscing elit. Sed do: eiusmod tempor incididunt ut labore et dolore magna aliqua! Ut*",acme@lorem-ipsum.org,A234567,2012/07/02 00:00,true,L,customer-01
passenger-26,"Lorem ipsum dolor sit amet, consectetur adipiscing elit. Sed do: eiusmod tempor incididunt ut labore et dolore magna aliqua! Ut*",acme@lorem-ipsum.org,A234567,2012/07/02 00:00,true,Lo,customer-01
passenger-27,"Lorem ipsum dolor sit amet, consectetur adipiscing elit. Sed do: eiusmod tempor incididunt ut labore et dolore magna aliqua! Ut*",acme@lorem-ipsum.org,A234567,2012/07/02 00:00,true,"Lorem ipsum dolor sit amet, consectetur adipiscin",customer-01
passenger-28,"Lorem ipsum dolor sit amet, consectetur adipiscing elit. Sed do: eiusmod tempor incididunt ut labore et dolore magna aliqua! Ut*",acme@lorem-ipsum.org,A234567,2012/07/02 00:00,true,"Lorem ipsum dolor sit amet, consectetur adipiscing",customer-01
passenger-29,"Lorem ipsum dolor sit amet, consectetur adipiscing elit. Sed do: eiusmod tempor incididunt ut labore et dolore magna aliqua! Ut*",acme@lorem-ipsum.org,A234567,2012/07/02 00:00,true,โลเร็ม อิปซัม,customer-01
passenger-30,"Lorem ipsum dolor sit amet, consectetur adipiscing elit. Sed do: eiusmod tempor incididunt ut labore et dolore magna aliqua! Ut*",acme@lorem-ipsum.org,A234567,2012/07/02 00:00,true,لوريم إيبسوم,customer-01
passenger-31,"Lorem ipsum dolor sit amet, consectetur adipiscing elit. Sed do: eiusmod tempor incididunt ut labore et dolore magna aliqua! Ut*",acme@lorem-ipsum.org,A234567,2012/07/02 00:00,true,洛伦·伊普森,customer-01
passenger-32,"Lorem ipsum dolor sit amet, consectetur adipiscing elit. Sed do: eiusmod tempor incididunt ut labore et dolore magna aliqua! Ut*",acme@lorem-ipsum.org,A234567,2012/07/02 00:00,true,<marquee>Hacked</marquee>,customer-01
passenger-33,"Lorem ipsum dolor sit amet, consectetur adipiscing elit. Sed do: eiusmod tempor incididunt ut labore et dolore magna aliqua! Ut*",acme@lorem-ipsum.org,A234567,2012/07/02 00:00,true,<script>alert(‘Hacked!’);</script>,customer-01
passenger-34,"Lorem ipsum dolor sit amet, consectetur adipiscing elit. Sed do: eiusmod tempor incididunt ut labore et dolore magna aliqua! Ut*",acme@lorem-ipsum.org,A234567,2012/07/02 00:00,true,' or 'A' = 'A,customer-01
